[{"title": "O Vilarejo Que Nunca Morre \u2013 Mito no Cear\u00e1", "content": "Publicado em: 20 de Maio de 2002 | Por: Jo\u00e3o Marcelo\r\nNo interior do Cear\u00e1, h\u00e1 rumores sobre um vilarejo onde ningu\u00e9m envelhece ou morre. Chamado de Vila dos Eternos, ele \u00e9 conhecido apenas por lendas e hist\u00f3rias que nunca foram confirmadas.\r\n\r\nA Lenda\r\nDizem que a vila \u00e9 protegida por uma entidade que impede que o tempo siga seu curso. Os moradores vivem para sempre, mas ao custo de suas emo\u00e7\u00f5es. Eles nunca sorriem, nunca choram, apenas existem, como sombras de si mesmos.\r\n\r\nRelato Local\r\nUma moradora de uma vila pr\u00f3xima afirmou que, uma vez, enquanto caminhava, encontrou pessoas que pareciam de outro s\u00e9culo, vestidas com roupas antigas. Elas a olharam, mas n\u00e3o disseram nada, apenas se afastaram lentamente.\r\n\r\nEu nunca consegui encontrar essa vila, mas algo sobre essas hist\u00f3rias faz meu est\u00f4mago revirar. Ser\u00e1 que h\u00e1 um lugar onde o tempo realmente para?", "author": "Jo\u00e3o Marcelo"}, {"title": "As \u00c1guas que N\u00e3o Dormem \u2013 Rio Misterioso no Amazonas", "content": "Publicado em: 25 de Maio de 2002 | Por: Ana Beatriz\r\n\r\nNo Amazonas, h\u00e1 um rio chamado pelos moradores de as \u00c1guas que N\u00e3o Dormem. Eles dizem que, ao navegar por ele durante a noite, voc\u00ea nunca est\u00e1 sozinho. Algo ou algu\u00e9m est\u00e1 sempre observando.\r\n\r\nA Lenda\r\nDizem que o rio \u00e9 habitado por esp\u00edritos de antigos navegadores que morreram em naufr\u00e1gios. Eles n\u00e3o descansam e assombram quem tenta atravessar o rio sem pedir permiss\u00e3o \u00e0s \u00e1guas. As lendas falam de barcos que desapareceram sem deixar rastros, e de luzes azuis que flutuam acima da \u00e1gua.\r\n\r\nRelatos\r\nUm pescador me contou que, certa vez, viu uma luz azul seguir seu barco por quase uma hora. Ele disse que, quando tentou ignor\u00e1-la, ouviu algo bater no casco. Nunca mais voltou \u00e0quele rio \u00e0 noite.\r\n\r\nEu n\u00e3o tive coragem de navegar, mas algo sobre o sil\u00eancio ao redor do rio era perturbador. Se algu\u00e9m j\u00e1 passou por isso, deixe um coment\u00e1rio.", "author": "Ana Beatriz"}, {"title": "O Morro Que Chama \u2013 A Voz do Interior do Paran\u00e1", "content": "Publicado em: 30 de Maio de 2002 | Por: Eduardo Silva\r\nNo Paran\u00e1, h\u00e1 um lugar conhecido como o Morro Que Chama. Localizado em uma \u00e1rea isolada, ele \u00e9 famoso por atrair pessoas com sua voz misteriosa. Moradores dizem que, ao anoitecer, voc\u00ea pode ouvir uma voz suave sussurrando seu nome.\r\n\r\nO Mist\u00e9rio\r\nDizem que o morro foi palco de um ritual h\u00e1 muito tempo. Algo deu errado, e agora ele chama as pessoas para \u201cterminar o que foi come\u00e7ado\u201d. Alguns dizem que quem sobe o morro nunca mais \u00e9 visto, enquanto outros afirmam que \u00e9 poss\u00edvel ouvir gritos vindos de dentro dele.\r\n\r\nMinha Experi\u00eancia\r\nEu visitei o morro durante o dia, e tudo parecia normal. Mas \u00e0 noite, ouvi algo. Era um som distante, mas parecia algu\u00e9m chamando por mim. N\u00e3o tive coragem de subir.\r\n\r\nSe voc\u00ea j\u00e1 ouviu falar do Morro Que Chama, compartilhe comigo. Ainda tento entender o que aconteceu naquela noite.", "author": "Eduardo Silva"}, {"title": "O Espelho do Lago \u2013 A Maldi\u00e7\u00e3o em Tocantins", "content": "Publicado em: 1 de Junho de 2002 | Por: Mariana Campos\r\nNo cora\u00e7\u00e3o de Tocantins, h\u00e1 um lago conhecido como o Espelho do Outro Lado. Dizem que, se voc\u00ea olhar para ele ao entardecer, pode ver n\u00e3o o seu reflexo, mas uma vers\u00e3o de voc\u00ea mesmo que n\u00e3o deveria existir.\r\n\r\nA Hist\u00f3ria\r\nA lenda conta que o lago foi usado como ponto de sacrif\u00edcios h\u00e1 muito tempo. As almas daqueles que morreram ali ainda vivem nas \u00e1guas, esperando para tomar o lugar de quem ousar olhar para o espelho. Relatos falam de pessoas que desapareceram ap\u00f3s se encarar no reflexo por tempo demais.\r\n\r\nO Que Eu Ouvi\r\nUma mulher local me disse que, certa vez, viu seu reflexo sorrindo, mesmo estando com o rosto s\u00e9rio. Ela fugiu e jurou nunca mais voltar ao lago. Outras pessoas dizem que, quando isso acontece, \u00e9 um aviso de que voc\u00ea est\u00e1 em perigo.\r\n\r\nEu n\u00e3o olhei por muito tempo, mas algo sobre aquele lago\u2026 parecia que ele estava olhando de volta.", "author": "Mariana Campos"}, {"title": "A Estrada Que Nunca Termina \u2013 Lenda no Interior de Minas Gerais", "content": "Publicado em: 3 de Junho de 2002 | Por: Lucas Ferreira\r\nVoc\u00ea j\u00e1 ouviu falar de uma estrada que parece nunca ter fim? No interior de Minas Gerais, existe uma rota conhecida como a Estrada dos Eternos, onde viajantes dizem que podem dirigir por horas sem chegar a lugar nenhum.\r\n\r\nA Lenda\r\nA hist\u00f3ria come\u00e7ou com relatos de motoristas que, ao passarem por essa estrada durante a noite, perceberam que os marcos de quilometragem se repetiam. Alguns dizem que a estrada \u00e9 uma armadilha criada por esp\u00edritos para confundir os vivos. Outros acreditam que ela \u00e9 um portal para outro lugar \u2013 ou para o nada.\r\n\r\nTestemunhos Locais\r\nUm caminhoneiro contou que certa vez viu uma luz vermelha piscando no horizonte, como se fosse uma torre, mas nunca conseguiu alcan\u00e7\u00e1-la. Quando tentou voltar, a estrada atr\u00e1s dele j\u00e1 n\u00e3o era a mesma.\r\n\r\nEu mesmo tentei encontrar essa estrada, mas as dire\u00e7\u00f5es s\u00e3o sempre vagas, como se os moradores n\u00e3o quisessem que ningu\u00e9m a localizasse. Se algu\u00e9m j\u00e1 teve uma experi\u00eancia parecida, me avise. Quero saber mais sobre esse mist\u00e9rio.", "author": "Lucas Ferreira"}, {"title": "A Ilha Que Sussurra \u2013 Um Mist\u00e9rio no Par\u00e1", "content": "Publicado em: 7 de Junho de 2002 | Por: Carolina Monteiro\r\n\r\nJ\u00e1 ouviu falar da Ilha dos Sussurros, no Par\u00e1? Eu tamb\u00e9m n\u00e3o, at\u00e9 minha \u00faltima viagem pela regi\u00e3o. Dizem que, ao navegar perto da ilha, voc\u00ea pode ouvir vozes \u2013 suaves, mas claras. N\u00e3o h\u00e1 casas na ilha, nem moradores conhecidos, mas ela continua atraindo curiosos e assustando quem se aproxima.\r\n\r\nO Mist\u00e9rio\r\nMoradores das vilas pr\u00f3ximas contam que a ilha \u00e9 \"amaldi\u00e7oada\". Antigamente, ela era usada como cemit\u00e9rio por tribos ind\u00edgenas, mas algo deu errado em um dos rituais funer\u00e1rios. As almas que deveriam descansar passaram a vagar pela ilha, chamando por ajuda em sussurros.\r\n\r\nRelato de Pescadores\r\nUm pescador local contou que uma vez ancorou seu barco perto da ilha. Durante a noite, ouviu vozes chamando por ele. Ao amanhecer, encontrou marcas de m\u00e3os na areia, mas n\u00e3o havia pegadas que levassem at\u00e9 elas. Ele jurou nunca mais voltar.\r\n\r\nEu queria visitar a ilha, mas o medo e os relatos me impediram. Se voc\u00ea j\u00e1 ouviu falar dela ou tem coragem de explorar, me avise. Quero saber mais sobre essa hist\u00f3ria.", "author": "Carolina Monteiro"}, {"title": "Segredos Antigos: O Que Est\u00e1 Acontecendo na Vila?", "content": "Publicado em: 15 de Junho de 2002 | Por: Victor Alric\r\n\r\nOl\u00e1, pessoal. Aqui \u00e9 o Victor, e hoje quero compartilhar algo diferente com voc\u00eas. Alguns de voc\u00eas sabem que eu adoro mergulhar na hist\u00f3ria de lugares antigos, desvendar tradi\u00e7\u00f5es, e aprender como passado e presente se conectam. Mas a vila que visitei recentemente\u2026 Bem, ela n\u00e3o \u00e9 como os outros lugares.\r\n\r\nSe voc\u00ea acredita em hist\u00f3rias que misturam lendas, mist\u00e9rios e uma boa dose de coisas que n\u00e3o conseguimos explicar, continue lendo. Talvez voc\u00ea consiga me ajudar a entender o que est\u00e1 acontecendo aqui.\r\n\r\nO Ritu de S\u00e3o Jo\u00e3o: Uma Tradi\u00e7\u00e3o Anual\r\nA vila \u00e9 conhecida pelo seu Ritu de S\u00e3o Jo\u00e3o, uma celebra\u00e7\u00e3o que acontece h\u00e1 500 anos, desde que os primeiros colonizadores portugueses chegaram \u00e0 regi\u00e3o. Todo ano, os moradores se re\u00fanem para cantar, dan\u00e7ar e realizar um ritual que, segundo eles, garante a prote\u00e7\u00e3o e a prosperidade da vila.\r\n\r\nMas este ano\u2026 algo est\u00e1 diferente.\r\n\r\nOs moradores parecem distantes, ap\u00e1ticos, como se estivessem apenas esperando que algo acontecesse. N\u00e3o h\u00e1 a alegria de outros anos, e ningu\u00e9m parece disposto a falar sobre os preparativos do ritual. At\u00e9 o padre da vila, que deveria liderar parte das cerim\u00f4nias, est\u00e1 agindo de forma estranha.\r\n\r\nA Igreja Sem Cruz\r\nFalando no padre, visitei a igreja local, que \u00e9 uma das constru\u00e7\u00f5es mais antigas da vila. Sempre achei fascinante como essas igrejas carregam a hist\u00f3ria de um lugar, mas esta aqui me deixou desconfort\u00e1vel.\r\n\r\nPrimeiro, n\u00e3o h\u00e1 cruzes. Nenhuma. Nem mesmo no altar. Em vez disso, os vitrais contam uma hist\u00f3ria curiosa:\r\n\r\n1. A chegada dos primeiros colonizadores portugueses.\r\n2. Uma figura que parece uma senhora, segurando algo que parece um la\u00e7o ou um n\u00f3.\r\n3. Tr\u00eas m\u00e3os sobrepostas: uma humana, outra cinzenta e enrugada, e uma monstruosa.\r\n4. Um c\u00edrculo formado por essas for\u00e7as, com a vila dentro de uma c\u00fapula brilhante.\r\n5. O enfraquecimento da c\u00fapula, seguido por uma s\u00e9rie de imagens quebradas ou distorcidas.\r\nSe isso soa estranho, \u00e9 porque \u00e9. Eu nunca vi nada assim em uma igreja. Parece mais um conto de advert\u00eancia do que uma celebra\u00e7\u00e3o religiosa.\r\n\r\nO Sil\u00eancio da Vila\r\nConforme andei pela vila, notei que as pessoas evitavam falar comigo. Quando perguntei sobre o ritual, recebi respostas evasivas, como:\r\n\"Este ano \u00e9 diferente.\"\r\nOu o mais assustador:\r\n\"Voc\u00ea n\u00e3o deveria estar aqui.\"\r\n\r\nComecei a sentir que eu estava invadindo algo que n\u00e3o era para ser visto por forasteiros.\r\n\r\nA Casa dos La\u00e7os Eternos\r\nA Casa dos La\u00e7os Eternos, uma constru\u00e7\u00e3o antiga escondida na floresta. Ap\u00f3s algumas leituras eu consegui achar algumas informa\u00e7\u00f5es sobre essa casa que parece ter muita liga\u00e7\u00e3o com toda essa situa\u00e7\u00e3o da vila.\r\n\r\nQuando perguntei sobre a casa, uma senhora idosa parou de falar e me encarou como se eu tivesse cometido um crime. Ela apenas murmurou:\r\n\"Se voc\u00ea valoriza sua vida, n\u00e3o v\u00e1 para l\u00e1.\"\r\n\r\nEu quero entender o que essa casa significa para a vila. Parece que ela est\u00e1 conectada ao ritu e ao que est\u00e1 acontecendo agora. Mas ser\u00e1 que devo mesmo tentar encontr\u00e1-la?\r\n\r\nConclus\u00e3o\r\nEu vim para esta vila em busca de respostas sobre o Ritu de S\u00e3o Jo\u00e3o, mas encontrei muito mais perguntas. H\u00e1 algo errado aqui, algo que n\u00e3o posso ignorar. N\u00e3o sei se \u00e9 supersti\u00e7\u00e3o, coincid\u00eancia ou algo mais sombrio, mas estou determinado a descobrir.\r\n\r\nSe voc\u00ea tem alguma ideia ou j\u00e1 ouviu falar dessa vila ou de tradi\u00e7\u00f5es como essa, me avise nos coment\u00e1rios. Preciso de toda ajuda poss\u00edvel para entender o que est\u00e1 acontecendo.\r\n\r\nNota final: Se eu n\u00e3o postar mais nada depois disso, bem\u2026 talvez eu tenha ido longe demais.\r\n\r\nDesejem-me sorte.", "author": "Victor Alric"}, {"title": "O N\u00f3 que Une: Reflex\u00f5es Sobre a Vila e Seus Mist\u00e9rios", "content": "Publicado em: 3 de Junho de 2002 | Por: Daniel Porto\r\n\u00c0s vezes, o passado e o presente se encontram em lugares que parecem existir fora do tempo. A vila onde nascemos, onde crescemos, sempre teve algo\u2026 diferente. N\u00e3o sei como descrever isso, mas ultimamente, tenho sentido que h\u00e1 coisas que n\u00e3o vemos, mas que sempre estiveram aqui, esperando para serem descobertas. Ou para nos descobrir.\r\n\r\nEste post \u00e9 menos sobre respostas e mais sobre perguntas que me atormentam h\u00e1 meses. Se algu\u00e9m l\u00ea isso e tem algo a acrescentar, por favor, compartilhe. Preciso entender.\r\n\r\nO Ritu de S\u00e3o Jo\u00e3o\r\nA vila se orgulha de seu Ritu de S\u00e3o Jo\u00e3o, uma celebra\u00e7\u00e3o que ocorre todo ano, sem falha, h\u00e1 s\u00e9culos. Dizem que \u00e9 apenas uma festa, uma homenagem aos antepassados. Mas e se n\u00e3o for s\u00f3 isso?\r\nComecei a observar os detalhes que todos ignoram:\r\n\r\nAs velas dispostas em formas estranhas.\r\nOs cantos que ningu\u00e9m entende, mas todos repetem.\r\nA sensa\u00e7\u00e3o de que estamos sendo observados durante o ritual.\r\n\u00c9 como se o Ritu fosse um n\u00f3, algo que mant\u00e9m a vila unida, mas que tamb\u00e9m nos prende.\r\n\r\nA Casa dos La\u00e7os Eternos\r\nN\u00e3o sei por que escrevo isso, mas preciso. H\u00e1 um lugar que muitos evitam mencionar: a Casa dos La\u00e7os Eternos.\r\nSinto que ela est\u00e1 conectada a tudo \u2013 o Ritu, a vila, e talvez at\u00e9 o que somos.\r\n\r\nPor que ningu\u00e9m fala dela? Quando pergunto, as pessoas desviam o olhar ou dizem coisas vagas como \"deixe isso pra l\u00e1\". Ser\u00e1 que h\u00e1 algo na casa que n\u00e3o queremos lembrar?\r\n\r\nSonhos e S\u00edmbolos\r\nNas \u00faltimas semanas, tenho sonhado com coisas que n\u00e3o fazem sentido:\r\n\r\nN\u00f3s e la\u00e7os, apertados, sufocantes.\r\nUma senhora de pele cinzenta, me encarando em sil\u00eancio.\r\nUma \u00e1rvore gigantesca, com galhos que parecem m\u00e3os.\r\nQuando acordo, sinto que algo est\u00e1 me chamando. N\u00e3o sei se quero seguir esse chamado, mas n\u00e3o acho que tenho escolha.\r\n\r\nAlgo Est\u00e1 Acontecendo\r\nSei que isso pode soar paranoico, mas sinto que a vila est\u00e1 mudando. As pessoas est\u00e3o diferentes, mais silenciosas, mais tensas. H\u00e1 algo no ar, algo que n\u00e3o posso explicar. Ser\u00e1 que sou o \u00fanico que percebe isso?\r\n\r\nPreciso de respostas. E acho que sei onde encontr\u00e1-las. A Casa dos La\u00e7os Eternos.\r\n\r\nNota Final:\r\nSe algu\u00e9m l\u00ea isso e sente o mesmo, ou j\u00e1 sonhou com o que descrevi, entre em contato comigo. N\u00e3o sei se estou ficando louco, mas n\u00e3o posso ignorar mais isso.", "author": "Daniel Porto"}]